Domain,Status,Attractiveness,Demand,Length,Sectors,Created,Expires,Registrar
one.promo,available,132,44%,3,"Business,General,Media,Technology",,,
brief.promo,available,124,19%,5,"Business,Education,General,Law",,,
complete.promo,available,120,21%,8,"Manufacturing,Retail,Technology",,,
second.promo,expired,120,23%,6,"General,Mathematics",06/06/2023 00:40,06/06/2025 00:40,"GoDaddy.com, LLC"
tenth.promo,available,116,7%,5,Mathematics,,,
flat.promo,available,116,24%,4,"Construction,Real Estate",,,
equal.promo,available,116,19%,5,"Education,General,Law",,,
tonic.promo,available,114,22%,5,"Health and Fitness,Medicine,Science",,,
hotshot.promo,available,112,14%,7,"Business,Entertainment,Sports",,,
acute.promo,available,112,9%,5,"Mathematics,Medicine,Science",,,
abiding.promo,available,106,5%,7,"General,Religion",,,
expert.promo,expiring,104,26%,6,"Business,Education,Technology",20/08/2024 17:00,20/08/2025 17:00,"Sav.com, LLC - 5"
captive.promo,available,102,14%,7,"Entertainment,Hospitality,Technology",,,
absent.promo,available,102,8%,6,"Business,Education,Technology",,,
eight.promo,available,102,23%,5,"General,Mathematics",,,
extra.promo,resell,102,26%,5,"Fashion,Retail,Technology",18/12/2021 17:00,18/12/2025 17:00,Porkbun LLC
sixth.promo,available,100,8%,5,Mathematics,,,
crack.promo,available,100,20%,5,Sports,,,
adjunct.promo,available,100,5%,7,Education,,,
eighth.promo,available,100,6%,6,Mathematics,,,
ninth.promo,available,100,9%,5,Mathematics,,,
remove.promo,available,100,13%,6,"Construction,Manufacturing,Technology",,,
abrupt.promo,available,100,3%,6,"Medicine,Science",,,
third.promo,available,100,16%,5,Mathematics,,,
whiz.promo,available,100,12%,4,"Business,Education,Technology",,,
genius.promo,available,98,46%,6,"Arts,Education,Technology",,,
whizz.promo,available,98,11%,5,"Business,Education,Technology",,,
doable.promo,available,96,9%,6,"Business,Education,Technology",,,
forgiving.promo,available,96,3%,9,"Healthcare,Religion",,,
alamode.promo,available,96,12%,9,Fashion,,,
actual.promo,available,96,22%,6,"Real Estate,Retail,Technology",,,
virtuoso.promo,available,94,16%,8,"Arts,Entertainment",,,
abject.promo,available,94,7%,6,Humanities,,,
adequate.promo,available,94,9%,8,"Education,Healthcare,Technology",,,
around.promo,available,94,22%,6,"Business,General,Media,Technology",,,
about.promo,available,94,28%,5,"Business,General,Media,Technology",,,
abroad.promo,available,92,12%,6,"Hospitality,Travel",,,
adjective.promo,available,92,5%,9,Education,,,
twentieth.promo,available,92,3%,9,Mathematics,,,
exemplary.promo,available,92,5%,9,"Business,Education,Healthcare",,,
next.promo,available,92,43%,4,"Retail,Technology,Transportation",,,
neutral.promo,available,92,20%,7,"Business,Media,Politics",,,
derelict.promo,available,92,7%,8,"Construction,Real Estate",,,
nought.promo,available,92,4%,6,Mathematics,,,
adept.promo,available,92,24%,5,"Education,Health and Fitness,Sports",,,
additional.promo,available,90,8%,10,"Fashion,Retail,Technology",,,
addictive.promo,available,90,9%,9,Healthcare,,,
clear.promo,resell,90,47%,5,"Manufacturing,Retail,Technology",27/11/2024 13:51,27/11/2025 13:51,Domain Science Kutatási Szolgáltató Korlátolt Felelősségű Társaság
adoring.promo,available,90,2%,7,"Entertainment,Fashion,Retail",,,
abortive.promo,available,90,1%,8,"Medicine,Science",,,
gripping.promo,available,90,3%,8,"Entertainment,Media,Technology",,,
endearing.promo,available,90,1%,9,"Entertainment,Fashion,Retail",,,
leash.promo,available,90,7%,5,"General,Health and Fitness,Retail",,,
riveting.promo,available,90,6%,8,"Entertainment,Media,Technology",,,
adlib.promo,available,88,7%,6,Entertainment,,,
twelve.promo,available,88,18%,6,"General,Mathematics",,,
proficient.promo,available,88,8%,10,"Education,Health and Fitness,Sports",,,
activist.promo,available,88,12%,8,"Humanities,Politics",,,
ace.promo,available,88,34%,3,Sports,,,
hundred.promo,available,88,14%,7,Mathematics,,,
actionable.promo,available,88,13%,10,"Business,Law",,,
fifteen.promo,available,88,13%,7,Mathematics,,,
wide.promo,available,88,18%,4,"Business,Media,Technology",,,
sixteen.promo,available,88,11%,7,Mathematics,,,
ten.promo,available,88,28%,3,"General,Mathematics",,,
aboriginal.promo,available,86,10%,10,Humanities,,,
cipher.promo,available,86,29%,6,Mathematics,,,
star.promo,resell,86,40%,4,"Entertainment,Media,Sports",28/07/2025 17:00,28/07/2026 17:00,Alibaba Cloud Computing Ltd. d/b/a HiChina (www.net.cn)
xix.promo,available,86,11%,3,Mathematics,,,
recondite.promo,available,86,4%,9,"Arts,Humanities,Science",,,
engrossing.promo,available,86,0%,10,"Entertainment,Media,Technology",,,
intent.promo,available,86,25%,6,"Business,Education,Technology",,,
xiv.promo,available,86,12%,3,Mathematics,,,
attendant.promo,available,86,5%,9,"Healthcare,Hospitality,Transportation",,,
adolescent.promo,available,86,3%,10,"Education,Entertainment,Healthcare",,,
extempore.promo,available,86,3%,9,Entertainment,,,
adjustable.promo,available,84,3%,10,"Manufacturing,Retail,Technology",,,
twentyone.promo,available,84,13%,10,Mathematics,,,
thirteen.promo,available,84,10%,8,Mathematics,,,
seventeen.promo,available,84,7%,9,Mathematics,,,
nineteen.promo,available,84,8%,8,Mathematics,,,
thousand.promo,available,84,8%,8,Mathematics,,,
deviate.promo,available,84,12%,7,"Medicine,Science",,,
twentytwo.promo,available,84,11%,10,Mathematics,,,
acting.promo,available,84,12%,6,Entertainment,,,
accessory.promo,available,84,8%,9,"Fashion,Retail,Technology",,,
fourteen.promo,available,84,8%,8,Mathematics,,,
abroach.promo,available,82,1%,7,Food and Beverage,,,
cleansing.promo,available,82,3%,9,Health and Fitness,,,
altered.promo,available,82,9%,7,"Medicine,Science",,,
abdominal.promo,available,82,1%,9,"Health and Fitness,Medicine",,,
dozen.promo,available,82,10%,5,Mathematics,,,
fivesome.promo,available,82,1%,8,Sports,,,
absorbent.promo,available,82,3%,9,"Healthcare,Manufacturing,Retail",,,
enduring.promo,available,82,9%,8,"Health and Fitness,Religion",,,
good.promo,available,82,47%,4,"Food and Beverage,General,Health and Fitness,Retail",,,
decade.promo,available,82,10%,6,Mathematics,,,
impromptu.promo,available,82,16%,9,Entertainment,,,
abkhaz.promo,available,82,1%,6,Geography,,,
abenaki.promo,available,82,2%,7,Geography,,,
abundant.promo,available,80,19%,8,"Agriculture,Manufacturing,Retail",,,
some.promo,available,80,32%,4,"Business,Media,Retail",,,
sequent.promo,available,80,7%,7,"Healthcare,Insurance,Transportation",,,
adoptable.promo,available,80,3%,9,"Education,Healthcare",,,
seventh.promo,available,80,10%,7,Mathematics,,,
forty.promo,available,80,9%,5,Mathematics,,,
twenty.promo,available,80,12%,6,Mathematics,,,
worshipful.promo,available,80,1%,10,"Education,Healthcare,Religion",,,
absorbable.promo,available,80,0%,10,"Healthcare,Pharmaceuticals,Science",,,
superstar.promo,available,80,18%,9,Entertainment,,,
two.promo,available,80,24%,3,Mathematics,,,
nine.promo,available,80,24%,4,"General,Mathematics",,,
dorsal.promo,available,80,6%,6,"Medicine,Science",,,
able.promo,resell,80,29%,4,"Business,Education,General,Technology",20/05/2021 12:35,20/05/2026 12:35,"GoDaddy.com, LLC"
wiz.promo,available,80,30%,3,"Business,Education,Technology",,,
yard.promo,available,80,26%,4,"Construction,General",,,
capable.promo,available,80,12%,7,"Business,Education,Technology",,,
trio.promo,expiring,80,21%,4,Entertainment,29/08/2024 17:52,29/08/2025 17:52,"NameCheap, Inc."
absurd.promo,available,80,16%,6,"Arts,Entertainment,Media",,,
absorptive.promo,available,78,1%,10,"Healthcare,Manufacturing,Retail",,,
dormant.promo,available,78,4%,7,"Medicine,Science",,,
accessible.promo,available,78,21%,10,"Healthcare,Retail,Technology",,,
sixtynine.promo,available,78,8%,10,Mathematics,,,
adrenal.promo,available,78,4%,7,"Education,Healthcare,Science",,,
athletic.promo,available,78,15%,8,"Health and Fitness,Sports",,,
accidental.promo,available,78,11%,10,"Healthcare,Insurance,Transportation",,,
abounding.promo,available,78,2%,9,Agriculture,,,
accurate.promo,available,78,16%,8,"Engineering,Mathematics,Science",,,
twentysix.promo,available,78,8%,10,Mathematics,,,
adorable.promo,available,78,8%,8,"Entertainment,Fashion,Retail",,,
recognized.promo,available,78,3%,10,"Business,Education,Technology",,,
recognised.promo,available,78,3%,10,"Business,Education,Technology",,,
adjacent.promo,available,78,9%,8,"Construction,Real Estate,Retail",,,
acceptable.promo,available,78,5%,10,"Business,Hospitality,Retail",,,
honestly.promo,available,78,9%,8,"Business,Law",,,
accepted.promo,available,78,6%,8,"Business,Education,Technology",,,
acceptant.promo,available,78,1%,9,"Education,Healthcare",,,
abkhazian.promo,available,78,1%,9,Geography,,,
abkhasian.promo,available,78,1%,9,Geography,,,
low.promo,available,78,20%,3,"Business,Finance",,,
addable.promo,available,76,2%,7,"Engineering,Mathematics,Science",,,
thirteenth.promo,available,76,4%,10,Mathematics,,,
fourteenth.promo,available,76,1%,10,Mathematics,,,
adaptable.promo,available,76,9%,9,"Business,Education,Technology",,,
diamond.promo,available,76,32%,7,Fashion,,,
energizing.promo,available,76,3%,10,"Food and Beverage,Health and Fitness,Travel",,,
ancillary.promo,available,76,6%,9,"Healthcare,Manufacturing,Technology",,,
resultant.promo,available,76,2%,9,"Healthcare,Insurance,Transportation",,,
improvise.promo,available,76,4%,9,Entertainment,,,
adherent.promo,available,76,4%,8,"Politics,Religion",,,
auxiliary.promo,available,76,7%,9,"Healthcare,Manufacturing,Technology",,,
abrasive.promo,available,76,6%,8,"Construction,Manufacturing",,,
fifteenth.promo,available,76,2%,9,Mathematics,,,
adipose.promo,available,76,2%,7,"Healthcare,Science",,,
obscene.promo,available,76,5%,7,"Entertainment,Media",,,
firstrate.promo,available,76,6%,10,Business,,,
acoustic.promo,available,76,14%,8,Science,,,
threed.promo,available,76,7%,7,Technology,,,
thousandth.promo,available,76,1%,10,Mathematics,,,
adhesive.promo,available,76,7%,8,"Construction,Manufacturing,Technology",,,
ague.promo,available,76,2%,4,"Geography,Medicine,Science",,,
nineteenth.promo,available,76,3%,10,Mathematics,,,
eighteen.promo,available,76,7%,8,Mathematics,,,
hundredth.promo,available,76,1%,9,Mathematics,,,
incidental.promo,available,76,4%,10,"Healthcare,Insurance,Transportation",,,
ventral.promo,available,76,3%,7,Science,,,
adaptive.promo,available,76,28%,8,"Business,Education,Technology",,,
skilful.promo,available,74,3%,7,"Education,Health and Fitness,Sports",,,
playing.promo,available,74,12%,7,Entertainment,,,
accepting.promo,available,74,3%,9,"Education,Healthcare",,,
adapted.promo,available,74,6%,7,"Healthcare,Manufacturing,Technology",,,
abnormal.promo,available,74,16%,8,"Medicine,Science",,,
manageable.promo,available,74,4%,10,"Business,Education,Technology",,,
cleared.promo,available,74,7%,7,"Healthcare,Law,Transportation",,,
broad.promo,available,74,13%,5,"Entertainment,General,Media",,,
admirable.promo,available,74,5%,9,"Business,Education,Healthcare",,,
adrenergic.promo,available,74,1%,10,"Education,Healthcare,Science",,,
acuate.promo,available,74,2%,6,"Engineering,Medicine,Science",,,
sensation.promo,available,74,7%,9,"Entertainment,Media,Sports",,,
adenoid.promo,available,74,1%,7,"Health and Fitness,Medicine,Science",,,
adamant.promo,available,74,14%,7,Religion,,,
aberrant.promo,available,74,6%,8,"Medicine,Science",,,
realizable.promo,available,74,1%,10,"Business,Education,Technology",,,
achievable.promo,available,74,4%,10,"Business,Education,Technology",,,
activated.promo,available,74,9%,9,"Healthcare,Manufacturing,Technology",,,
mavin.promo,available,74,7%,5,"Entertainment,Fashion,Technology",,,
trey.promo,available,72,14%,4,Sports,,,
seventieth.promo,available,72,1%,10,Mathematics,,,
sixtieth.promo,available,72,1%,8,Mathematics,,,
accusative.promo,available,72,0%,10,"Humanities,Law",,,
absorbed.promo,available,72,2%,8,"Entertainment,Media,Technology",,,
ternary.promo,available,72,7%,7,Mathematics,,,
lovely.promo,available,72,26%,6,"Entertainment,Fashion,Retail",,,
adjunctive.promo,available,72,1%,10,"Healthcare,Manufacturing,Technology",,,
adonic.promo,available,72,2%,6,"Arts,Education,Entertainment",,,
accustomed.promo,available,72,1%,10,"Business,Education,Humanities",,,
eightieth.promo,available,72,1%,9,Mathematics,,,
abreast.promo,available,72,2%,7,"Business,Technology",,,
ablaze.promo,available,72,6%,6,Entertainment,,,
improvize.promo,available,72,1%,9,Entertainment,,,
liv.promo,available,72,27%,3,Mathematics,,,
adaptative.promo,available,72,1%,10,"Business,Education,Technology",,,
aching.promo,available,72,4%,6,Healthcare,,,
existent.promo,available,72,3%,8,"Mathematics,Science",,,
adjectival.promo,available,72,1%,10,Education,,,
addicted.promo,available,72,9%,8,Healthcare,,,
adiabatic.promo,available,72,3%,9,"Engineering,Science",,,
engrossed.promo,available,72,1%,9,"Entertainment,Media,Technology",,,
absolutist.promo,available,72,1%,10,"Humanities,Law,Politics",,,
ninetieth.promo,available,72,1%,9,Mathematics,,,
abloom.promo,available,72,5%,6,Agriculture,,,
accumbent.promo,available,70,1%,9,"Healthcare,Medicine,Science",,,
gymnastic.promo,available,70,3%,9,"Entertainment,Sports",,,
absorbing.promo,available,70,3%,9,"Entertainment,Media,Technology",,,
offhand.promo,available,70,2%,7,Entertainment,,,
stillborn.promo,available,70,2%,9,"Medicine,Science",,,
recumbent.promo,available,70,2%,9,"Healthcare,Medicine,Science",,,
practiced.promo,available,70,3%,9,"Education,Health and Fitness,Sports",,,
adored.promo,available,70,6%,6,"Entertainment,Fashion,Retail",,,
adamantine.promo,available,70,4%,10,Religion,,,
consequent.promo,available,70,3%,10,"Business,Education,General,Technology",,,
adjusted.promo,available,70,5%,8,"Manufacturing,Retail,Technology",,,
abulic.promo,available,70,1%,6,Medicine,,,
lowdown.promo,available,70,6%,8,"Entertainment,Media",,,
miserable.promo,available,70,4%,9,Humanities,,,
admired.promo,available,70,5%,7,"Business,Education,Healthcare",,,
skillful.promo,available,70,9%,8,"Education,Health and Fitness,Sports",,,
acuminate.promo,available,70,1%,9,"Engineering,Medicine,Science",,,
tiptop.promo,available,70,24%,6,Fashion,,,
abradant.promo,available,70,1%,8,"Construction,Manufacturing",,,
sevener.promo,available,68,1%,7,Mathematics,,,
vindicated.promo,available,68,2%,10,"Humanities,Law,Politics",,,
activating.promo,available,68,3%,10,"Healthcare,Manufacturing,Technology",,,
abkhas.promo,available,68,0%,6,Geography,,,
aberdonian.promo,available,68,1%,10,Geography,,,
septenary.promo,available,68,1%,9,Mathematics,,,
stygian.promo,available,68,5%,7,Humanities,,,
ennead.promo,available,68,5%,6,Mathematics,,,
achaean.promo,available,68,2%,7,Humanities,,,
accredited.promo,available,68,9%,10,"Business,Education,Healthcare",,,
scurvy.promo,available,68,3%,6,Humanities,,,
aroused.promo,available,68,3%,7,"Entertainment,Health and Fitness",,,
octonary.promo,available,68,1%,8,Mathematics,,,
acerate.promo,available,68,1%,7,Science,,,
decorated.promo,available,68,3%,9,"Entertainment,Fashion,Retail",,,
fiftieth.promo,available,68,0%,8,Mathematics,,,
foursome.promo,available,68,4%,8,Sports,,,
disciple.promo,available,68,14%,8,"Education,Religion",,,
abducent.promo,available,68,0%,8,Medicine,,,
abnaki.promo,available,68,1%,6,Geography,,,
ane.promo,available,68,12%,3,Mathematics,,,
licensed.promo,available,68,5%,8,"Business,Healthcare,Insurance",,,
achaian.promo,available,68,2%,7,Humanities,,,
threesome.promo,available,68,5%,9,Entertainment,,,
aculeate.promo,available,68,1%,8,"Engineering,Medicine,Science",,,
ablative.promo,available,68,3%,8,Science,,,
thirtieth.promo,available,68,1%,9,Mathematics,,,
fortieth.promo,available,68,0%,8,Mathematics,,,
overseas.promo,available,68,12%,8,"Hospitality,Travel",,,
licenced.promo,available,68,2%,8,"Business,Healthcare,Insurance",,,
accessary.promo,available,66,1%,9,"Business,Law,Technology",,,
teenager.promo,available,66,4%,8,"Education,Entertainment,Healthcare",,,
adopted.promo,available,66,4%,7,"Education,Healthcare",,,
buzzing.promo,available,66,7%,7,"Entertainment,Media,Technology",,,
fifty.promo,available,66,12%,5,Mathematics,,,
deuce.promo,available,66,9%,5,Sports,,,
xvii.promo,available,66,5%,4,Mathematics,,,
four.promo,available,66,27%,4,Mathematics,,,
century.promo,available,66,17%,7,Education,,,
abstinent.promo,available,66,1%,9,"Health and Fitness,Religion",,,
acrobatic.promo,available,66,4%,9,"Entertainment,Sports",,,
five.promo,available,66,26%,4,Mathematics,,,
eighty.promo,available,66,6%,6,Mathematics,,,
xvi.promo,available,66,5%,3,Mathematics,,,
xxi.promo,available,66,10%,3,Mathematics,,,
xxv.promo,available,66,6%,3,Mathematics,,,
sextet.promo,available,66,1%,6,Entertainment,,,
latest.promo,available,66,18%,6,Technology,,,
thirty.promo,available,66,8%,6,Mathematics,,,
modish.promo,available,66,5%,6,Fashion,,,
exonerated.promo,available,66,2%,10,"Humanities,Law,Politics",,,
acappella.promo,available,66,6%,10,Entertainment,,,
xxii.promo,available,66,6%,4,Mathematics,,,
performing.promo,available,66,6%,10,Entertainment,,,
xviii.promo,available,66,5%,5,Mathematics,,,
xxvi.promo,available,66,3%,4,Mathematics,,,
tenner.promo,available,66,5%,6,Finance,,,
six.promo,available,66,26%,3,Mathematics,,,
xii.promo,available,66,10%,3,Mathematics,,,
adorned.promo,available,66,5%,7,"Entertainment,Fashion,Retail",,,
acervate.promo,available,66,1%,8,Science,,,
clv.promo,available,66,10%,3,Mathematics,,,
according.promo,available,66,3%,9,"Business,Education,Technology",,,
onec.promo,available,66,6%,5,Mathematics,,,
ninety.promo,available,66,11%,6,Mathematics,,,
xiii.promo,available,66,9%,4,Mathematics,,,
astringent.promo,available,64,1%,10,"Healthcare,Pharmaceuticals",,,
accordant.promo,available,64,3%,9,"Arts,Entertainment",,,
nondrinker.promo,available,64,1%,10,"Health and Fitness,Religion",,,
absolved.promo,available,64,1%,8,"Humanities,Law,Religion",,,
adagio.promo,available,64,14%,6,Entertainment,,,
aflame.promo,available,64,3%,6,Entertainment,,,
rising.promo,available,64,18%,6,"Construction,Manufacturing,Real Estate",,,
deviant.promo,available,64,12%,7,"Medicine,Science",,,
scatty.promo,available,64,1%,6,"Arts,Entertainment,Media",,,
acentric.promo,available,64,2%,8,Science,,,
ccc.promo,available,64,38%,3,Mathematics,,,
eleventh.promo,available,62,5%,8,Mathematics,,,
aufait.promo,available,62,3%,7,"Fashion,Media",,,
quartet.promo,available,62,7%,7,"Arts,Entertainment",,,
troika.promo,available,62,8%,6,Politics,,,
activation.promo,available,62,16%,10,"Healthcare,Manufacturing,Technology",,,
abo.promo,available,62,15%,3,Science,,,
accrued.promo,available,62,2%,7,"Banking,Finance,Insurance",,,
playacting.promo,available,62,1%,10,Entertainment,,,
chiliad.promo,available,62,2%,7,Mathematics,,,
adjuvant.promo,available,62,5%,8,"Healthcare,Manufacturing,Technology",,,
sixteenth.promo,available,62,1%,9,Mathematics,,,
acidic.promo,available,62,5%,6,"Food and Beverage,Science",,,
accusing.promo,available,62,1%,8,Law,,,
cumulative.promo,available,62,2%,10,"Banking,Finance,Insurance",,,
ensuant.promo,available,62,1%,7,"Healthcare,Insurance,Transportation",,,
twodozen.promo,available,62,1%,9,Mathematics,,,
wrapped.promo,available,62,13%,7,"Fashion,Hospitality,Retail",,,
eighteenth.promo,available,62,1%,10,Mathematics,,,
pungent.promo,available,62,1%,7,Food and Beverage,,,
fortyfour.promo,available,62,6%,10,Mathematics,,,
orso.promo,available,62,9%,5,"Business,Media,Technology",,,
adoptive.promo,available,62,1%,8,"Education,Healthcare",,,
longdozen.promo,available,62,2%,10,Mathematics,,,
admissible.promo,available,62,1%,10,"Education,Healthcare,Law",,,
exculpated.promo,available,62,1%,10,"Humanities,Law,Politics",,,
aborigine.promo,available,62,1%,9,Humanities,,,
activistic.promo,available,62,1%,10,"Humanities,Politics",,,
roughly.promo,available,62,3%,7,"Business,Media,Technology",,,
nail.promo,available,62,16%,4,"Construction,Fashion,General,Retail",,,
cxl.promo,available,60,7%,3,Mathematics,,,
cautionary.promo,available,60,1%,10,"Business,Education,Healthcare",,,
adnexal.promo,available,60,1%,7,"Agriculture,Manufacturing,Retail",,,
abstainer.promo,available,60,0%,9,"Health and Fitness,Religion",,,
clxxx.promo,available,60,1%,5,Mathematics,,,
cxx.promo,available,60,10%,3,Mathematics,,,
idolized.promo,available,60,3%,8,"Entertainment,Fashion,Retail",,,
xcl.promo,available,60,5%,3,Mathematics,,,
sixty.promo,available,60,13%,5,Mathematics,,,
clx.promo,available,60,10%,3,Mathematics,,,
clxv.promo,available,60,1%,4,Mathematics,,,
abstemious.promo,available,60,0%,10,"Food and Beverage,Health and Fitness,Hospitality",,,
aboveboard.promo,available,60,5%,10,"Business,Law",,,
octet.promo,available,60,12%,5,Arts,,,
paunchy.promo,available,60,0%,7,"Health and Fitness,Medicine",,,
cxxx.promo,available,60,4%,4,Mathematics,,,
annexal.promo,available,60,1%,7,"Agriculture,Manufacturing,Retail",,,
tertiary.promo,available,60,4%,8,Education,,,
thou.promo,available,60,7%,4,Mathematics,,,
clxx.promo,available,60,3%,4,Mathematics,,,
abashed.promo,available,60,1%,7,Humanities,,,
cxxv.promo,available,60,1%,4,Mathematics,,,
acceptive.promo,available,60,1%,9,"Education,Healthcare",,,
cxv.promo,available,60,4%,3,Mathematics,,,
cxlv.promo,available,60,2%,4,Mathematics,,,
cxxxv.promo,available,60,2%,5,Mathematics,,,
idolised.promo,available,60,1%,8,"Entertainment,Fashion,Retail",,,
eightysix.promo,available,60,7%,10,Mathematics,,,
adnate.promo,available,60,1%,6,"Agriculture,Manufacturing,Retail",,,
clxxv.promo,available,60,1%,5,Mathematics,,,
tercet.promo,available,59,2%,6,"Arts,Entertainment,Media",,,
heptad.promo,available,58,1%,6,Mathematics,,,
fourth.promo,available,58,13%,6,Mathematics,,,
abandoned.promo,available,58,10%,9,"Construction,Real Estate",,,
addressed.promo,available,58,3%,9,"Business,Technology,Telecommunications",,,
super.promo,available,58,47%,5,Business,,,
adhoc.promo,available,58,24%,6,"Business,Engineering,Technology",,,
abuzz.promo,available,58,5%,5,"Entertainment,Media,Technology",,,
aucourant.promo,available,58,3%,10,"Fashion,Media",,,
linear.promo,available,58,22%,6,"Engineering,Mathematics,Science",,,
fifth.promo,available,58,12%,5,Mathematics,,,
offhanded.promo,available,58,1%,9,Entertainment,,,
closeto.promo,available,58,3%,8,"Business,Media,Technology",,,
acetic.promo,available,58,1%,6,"Food and Beverage,Science",,,
sextuplet.promo,available,58,1%,9,Healthcare,,,
lxxx.promo,available,58,2%,4,Mathematics,,,
octad.promo,available,58,5%,5,Mathematics,,,
sixtyone.promo,available,58,3%,9,Mathematics,,,
alacarte.promo,available,58,11%,10,Food and Beverage,,,
fourscore.promo,available,58,4%,9,Mathematics,,,
accoutred.promo,available,58,1%,9,"Fashion,Manufacturing,Retail",,,
abused.promo,available,58,5%,6,"Healthcare,Law",,,
adjustive.promo,available,58,1%,9,"Manufacturing,Retail,Technology",,,
adient.promo,available,58,4%,6,"Medicine,Science",,,
quintet.promo,available,58,8%,7,"Arts,Entertainment",,,
acyclic.promo,available,58,4%,7,"Engineering,Mathematics,Science",,,
pentad.promo,available,58,2%,6,Mathematics,,,
seventy.promo,available,58,7%,7,Mathematics,,,
addible.promo,available,58,2%,7,"Engineering,Mathematics,Science",,,
accretive.promo,available,58,6%,9,"Banking,Finance,Insurance",,,
abridged.promo,available,58,4%,8,Media,,,
eighter.promo,available,58,2%,7,Mathematics,,,
sixer.promo,available,58,5%,5,Sports,,,
lxxviii.promo,available,58,1%,7,Mathematics,,,
twelfth.promo,available,58,2%,7,Mathematics,,,
accented.promo,available,58,3%,8,"Arts,Entertainment",,,
enwrapped.promo,available,58,0%,9,"Entertainment,Fashion,Media",,,
tetrad.promo,available,58,5%,6,Mathematics,,,
centesimal.promo,available,58,1%,10,Mathematics,,,
justabout.promo,available,58,3%,10,"Business,Media,Technology",,,
hexad.promo,available,58,4%,5,Mathematics,,,
niner.promo,available,58,5%,5,Mathematics,,,
actuarial.promo,available,58,8%,9,"Finance,Insurance,Mathematics",,,
cypher.promo,available,58,29%,6,Mathematics,,,
halfdozen.promo,available,56,1%,10,Mathematics,,,
fortysix.promo,available,56,3%,9,Mathematics,,,
xlii.promo,available,56,5%,4,Mathematics,,,
triad.promo,available,56,15%,5,Arts,,,
thirtytwo.promo,available,56,5%,10,Mathematics,,,
abeyant.promo,available,56,1%,7,"Business,Law",,,
xxiv.promo,available,56,5%,4,Mathematics,,,
fortytwo.promo,available,56,17%,9,Mathematics,,,
xxvii.promo,available,56,3%,5,Mathematics,,,
xlvi.promo,available,56,3%,4,Mathematics,,,
xxxvii.promo,available,56,2%,6,Mathematics,,,
accoutered.promo,available,56,0%,10,"Fashion,Manufacturing,Retail",,,
xlviii.promo,available,56,1%,6,Mathematics,,,
xxix.promo,available,56,4%,4,Mathematics,,,
addled.promo,available,56,2%,6,Entertainment,,,
thirtyone.promo,available,56,5%,10,Mathematics,,,
xxxii.promo,available,56,1%,5,Mathematics,,,
fiftyfive.promo,available,56,7%,10,Mathematics,,,
lvi.promo,available,56,8%,3,Mathematics,,,
lviii.promo,available,56,1%,5,Mathematics,,,
xlvii.promo,available,56,2%,5,Mathematics,,,
xxxvi.promo,available,56,1%,5,Mathematics,,,
fiftyone.promo,available,56,7%,9,Mathematics,,,
xxxv.promo,available,56,4%,4,Mathematics,,,
liii.promo,available,56,4%,4,Mathematics,,,
appressed.promo,available,56,0%,9,"Agriculture,Manufacturing,Retail",,,
xli.promo,available,56,5%,3,Mathematics,,,
fiftytwo.promo,available,56,6%,9,Mathematics,,,
fortyone.promo,available,56,4%,9,Mathematics,,,
maledict.promo,available,56,1%,8,Religion,,,
xliii.promo,available,56,1%,5,Mathematics,,,
xxviii.promo,available,56,1%,6,Mathematics,,,
xxiii.promo,available,56,5%,5,Mathematics,,,
thirtysix.promo,available,56,5%,10,Mathematics,,,
ilx.promo,available,56,5%,3,Mathematics,,,
xlv.promo,available,56,6%,3,Mathematics,,,
potbellied.promo,available,56,0%,10,"Health and Fitness,Medicine",,,
admissive.promo,available,56,1%,9,"Education,Healthcare,Hospitality",,,
xxxiv.promo,available,56,1%,5,Mathematics,,,
fiftyfour.promo,available,56,3%,10,Mathematics,,,
admittible.promo,available,56,1%,10,"Education,Healthcare,Hospitality",,,
abdominous.promo,available,56,0%,10,"Health and Fitness,Medicine",,,
lii.promo,available,56,7%,3,Mathematics,,,
aone.promo,available,56,15%,5,Food and Beverage,,,
xxxi.promo,available,56,9%,4,Mathematics,,,
fiftysix.promo,available,56,4%,9,Mathematics,,,
fortynine.promo,available,56,3%,10,Mathematics,,,
xxxiii.promo,available,56,2%,6,Mathematics,,,
xliv.promo,available,56,2%,4,Mathematics,,,
lvii.promo,available,56,1%,4,Mathematics,,,
xxxviii.promo,available,56,1%,7,Mathematics,,,
terzetto.promo,available,56,3%,8,Arts,,,
admittable.promo,available,56,1%,10,"Education,Healthcare,Hospitality",,,
fiftynine.promo,available,56,4%,10,Mathematics,,,
vii.promo,available,54,13%,3,Mathematics,,,
abatic.promo,available,54,1%,6,Science,,,
quatern.promo,available,54,2%,7,Mathematics,,,
adpressed.promo,available,54,0%,9,"Agriculture,Manufacturing,Retail",,,
deuceace.promo,available,54,2%,9,Sports,,,
aboral.promo,available,54,2%,6,Science,,,
quaternity.promo,available,54,4%,10,Mathematics,,,
adducent.promo,available,54,1%,8,"Engineering,Mathematics,Science",,,
ternion.promo,available,54,3%,7,Mathematics,,,
accursed.promo,available,54,3%,8,"Entertainment,Media,Religion",,,
abasic.promo,available,54,1%,6,Science,,,
adductive.promo,available,54,0%,9,"Engineering,Mathematics,Science",,,
achromatic.promo,available,54,4%,10,Science,,,
quaternion.promo,available,54,6%,10,Mathematics,,,
quintuplet.promo,available,54,1%,10,"Healthcare,Medicine,Science",,,
scratchy.promo,available,54,3%,8,Fashion,,,
adjuratory.promo,available,54,0%,10,"Law,Politics,Religion",,,
unnatural.promo,available,54,4%,9,"Medicine,Science",,,
fortyfive.promo,available,54,4%,10,Mathematics,,,
acoustical.promo,available,54,4%,10,Science,,,
abducens.promo,available,54,1%,8,Medicine,,,
abaxial.promo,available,54,1%,7,Science,,,
threescore.promo,available,54,1%,10,Mathematics,,,
iii.promo,available,54,24%,3,Mathematics,,,
viii.promo,available,54,6%,4,Mathematics,,,
adducting.promo,available,54,1%,9,"Engineering,Mathematics,Science",,,
sise.promo,available,54,5%,4,Mathematics,,,
topnotch.promo,available,54,18%,8,Business,,,
monitory.promo,available,54,3%,8,"Business,Education,Healthcare",,,
quadruplet.promo,available,54,1%,10,"Healthcare,Medicine,Science",,,
actuated.promo,available,54,2%,8,"Automotive,Manufacturing,Technology",,,
achy.promo,available,54,3%,4,Healthcare,,,
admonitory.promo,available,54,0%,10,"Business,Education,Healthcare",,,
abient.promo,available,54,1%,6,Science,,,
abhorrent.promo,available,54,1%,9,Humanities,,,
twoscore.promo,available,54,2%,8,Mathematics,,,
abatable.promo,available,54,1%,8,Law,,,
adaxial.promo,available,54,2%,7,Science,,,
accentual.promo,available,54,3%,9,"Arts,Entertainment",,,
deserted.promo,available,54,3%,8,"Hospitality,Real Estate",,,
xxx.promo,available,53,30%,3,"Arts,Entertainment,Media",,,
septet.promo,available,53,1%,6,General,,,
sestet.promo,available,53,1%,6,Arts,,,
lxxi.promo,available,52,1%,4,Mathematics,,,
abstruse.promo,available,52,5%,8,"Humanities,Mathematics,Science",,,
lxxiii.promo,available,52,1%,6,Mathematics,,,
chagrined.promo,available,52,1%,9,Humanities,,,
lxxii.promo,available,52,1%,5,Mathematics,,,
lxxxiv.promo,available,52,1%,6,Mathematics,,,
lxiv.promo,available,52,3%,4,Mathematics,,,
lxviii.promo,available,52,1%,6,Mathematics,,,
repulsive.promo,available,52,1%,9,Humanities,,,
xciv.promo,available,52,2%,4,Mathematics,,,
ixc.promo,available,52,5%,3,Mathematics,,,
xci.promo,available,52,4%,3,Mathematics,,,
ixl.promo,available,52,9%,3,Mathematics,,,
sixtytwo.promo,available,52,3%,9,Mathematics,,,
abysmal.promo,available,52,4%,7,"Arts,Entertainment,Media",,,
xcvi.promo,available,52,2%,4,Mathematics,,,
abominable.promo,available,52,2%,10,"Entertainment,Humanities",,,
sixtyfour.promo,available,52,3%,10,Mathematics,,,
littlejoe.promo,available,52,2%,10,"Entertainment,Media",,,
eightytwo.promo,available,52,4%,10,Mathematics,,,
xciii.promo,available,52,1%,5,Mathematics,,,
lxvii.promo,available,52,1%,5,Mathematics,,,
lxxv.promo,available,52,1%,4,Mathematics,,,
lxxxv.promo,available,52,1%,5,Mathematics,,,
eightyone.promo,available,52,3%,10,Mathematics,,,
lxxvi.promo,available,52,1%,5,Mathematics,,,
lxxiv.promo,available,52,1%,5,Mathematics,,,
xcviii.promo,available,52,1%,6,Mathematics,,,
uphill.promo,available,52,7%,6,"Sports,Transportation,Travel",,,
lxxxi.promo,available,52,1%,5,Mathematics,,,
sixtyfive.promo,available,52,3%,10,Mathematics,,,
lxxxii.promo,available,52,1%,6,Mathematics,,,
lxxvii.promo,available,52,2%,6,Mathematics,,,
lxxxvii.promo,available,52,1%,7,Mathematics,,,
ninetytwo.promo,available,52,4%,10,Mathematics,,,
repugnant.promo,available,52,1%,9,Humanities,,,
decumbent.promo,available,52,1%,9,"Healthcare,Medicine,Science",,,
sixtysix.promo,available,52,4%,9,Mathematics,,,
abusive.promo,available,52,3%,7,"Healthcare,Law",,,
adenoidal.promo,available,52,1%,9,"Health and Fitness,Medicine,Science",,,
lxii.promo,available,52,1%,4,Mathematics,,,
lxxxvi.promo,available,52,1%,6,Mathematics,,,
ninetysix.promo,available,52,4%,10,Mathematics,,,
odious.promo,available,52,2%,6,"Entertainment,Humanities",,,
lxi.promo,available,52,5%,3,Mathematics,,,
detestable.promo,available,52,1%,10,Humanities,,,
ablated.promo,available,52,1%,7,Science,,,
lxiii.promo,available,52,2%,5,Mathematics,,,
lxv.promo,available,52,5%,3,Mathematics,,,
aboulic.promo,available,52,1%,7,Medicine,,,
xcvii.promo,available,52,1%,5,Mathematics,,,
tierce.promo,available,52,3%,6,General,,,
xcv.promo,available,52,7%,3,Mathematics,,,
lxvi.promo,available,52,3%,4,Mathematics,,,
xcii.promo,available,52,2%,4,Mathematics,,,
lxxxiii.promo,available,52,1%,7,Mathematics,,,
ninetyone.promo,available,52,5%,10,Mathematics,,,
triplet.promo,available,50,8%,7,Science,,,
lxx.promo,available,50,5%,3,Mathematics,,,
needlelike.promo,available,50,0%,10,"Engineering,Medicine,Science",,,
adhominem.promo,available,50,2%,10,"Humanities,Law,Politics",,,
acerose.promo,available,50,1%,7,Science,,,
scummy.promo,available,50,1%,6,Humanities,,,
gillless.promo,available,50,0%,9,Science,,,
abbatial.promo,available,50,0%,8,Religion,,,
abranchial.promo,available,50,0%,10,Science,,,
acquitted.promo,available,50,1%,9,Law,,,
abomasal.promo,available,50,0%,8,Agriculture,,,
acapnotic.promo,available,50,0%,9,"Healthcare,Medicine,Science",,,
adactylous.promo,available,50,0%,10,Science,,,
cinque.promo,available,50,7%,6,Mathematics,,,
acaudal.promo,available,50,1%,7,"Agriculture,Science",,,
acetous.promo,available,50,1%,7,Science,,,
acerbic.promo,available,50,2%,7,"Arts,Humanities,Media",,,
abdicable.promo,available,50,0%,9,Law,,,
aculeated.promo,available,50,0%,9,"Engineering,Medicine,Science",,,
broached.promo,available,50,0%,8,Food and Beverage,,,
acerb.promo,available,50,2%,5,Science,,,
acellular.promo,available,50,1%,9,Science,,,
trine.promo,available,50,11%,5,"General,Religion",,,
quint.promo,available,50,13%,5,"Arts,Entertainment",,,
acetose.promo,available,50,1%,7,Science,,,
acapnic.promo,available,50,0%,7,"Healthcare,Medicine,Science",,,
aborticide.promo,available,50,0%,10,Medicine,,,
abducting.promo,available,50,0%,9,Medicine,,,
abactinal.promo,available,50,0%,9,Science,,,
spinous.promo,available,50,1%,7,"Agriculture,Science",,,
vinegary.promo,available,50,1%,8,Food and Beverage,,,
ogdoad.promo,available,50,1%,6,Mathematics,,,
abyssal.promo,available,48,12%,7,"Arts,Entertainment,Media",,,
ilxx.promo,available,48,1%,4,Mathematics,,,
apriori.promo,available,48,13%,8,Mathematics,,,
abstracted.promo,available,48,5%,10,"Arts,Humanities,Science",,,
lxxxviii.promo,available,48,1%,8,Mathematics,,,
execrable.promo,available,48,0%,9,"Entertainment,Humanities",,,
ilxxx.promo,available,48,1%,5,Mathematics,,,
notguilty.promo,available,48,5%,10,Law,,,
acheronian.promo,available,46,1%,10,Humanities,,,
acarpous.promo,available,46,0%,8,"Agriculture,Science",,,
cotyloid.promo,available,46,1%,8,Science,,,
stemless.promo,available,46,2%,8,"Agriculture,Science",,,
achromous.promo,available,46,1%,9,Science,,,
acanthotic.promo,available,46,0%,10,"Agriculture,Science",,,
acaudate.promo,available,46,1%,8,"Agriculture,Science",,,
acanthoid.promo,available,46,1%,9,"Agriculture,Science",,,
acetylenic.promo,available,46,1%,10,Science,,,
acetabular.promo,available,46,1%,10,Science,,,
acanthous.promo,available,46,0%,9,"Agriculture,Science",,,
acetonic.promo,available,46,1%,8,Science,,,
acapnial.promo,available,46,0%,8,"Healthcare,Medicine,Science",,,
theabsurd.promo,available,46,1%,10,"Arts,Entertainment,Media",,,
quaternary.promo,available,46,3%,10,Mathematics,,,
stripling.promo,available,46,2%,9,"Education,Entertainment,Healthcare",,,
acephalous.promo,available,46,1%,10,Science,,,
acicular.promo,available,46,2%,8,Science,,,
acarpelous.promo,available,46,0%,10,"Agriculture,Science",,,
vinegarish.promo,available,46,1%,10,Food and Beverage,,,
achenial.promo,available,46,1%,8,Science,,,
achromic.promo,available,46,2%,8,Science,,,
acetylic.promo,available,46,1%,8,Science,,,
acherontic.promo,available,44,1%,10,Humanities,,,
cotyloidal.promo,available,44,1%,10,Science,,,
accusatory.promo,available,44,1%,10,Law,,,
abscessed.promo,available,41,0%,9,Healthcare,,,
phoebe.promo,available,41,14%,6,Science,,,
accurst.promo,available,40,1%,7,Religion,,,
scurrilous.promo,available,40,1%,10,"Entertainment,Media,Politics",,,
accusive.promo,available,40,1%,8,Law,,,